/****** Object:  Table [dbo].[__MigrationHistory]    Script Date: 13-Mar-17 5:12:45 AM ******/
SET ANSI_NULLS ON
GO
SET QUOTED_IDENTIFIER ON
GO
SET ANSI_PADDING ON
GO
CREATE TABLE [dbo].[__MigrationHistory](
	[MigrationId] [nvarchar](150) NOT NULL,
	[ContextKey] [nvarchar](300) NOT NULL,
	[Model] [varbinary](max) NOT NULL,
	[ProductVersion] [nvarchar](32) NOT NULL,
 CONSTRAINT [PK_dbo.__MigrationHistory] PRIMARY KEY CLUSTERED 
(
	[MigrationId] ASC,
	[ContextKey] ASC
)WITH (PAD_INDEX = OFF, STATISTICS_NORECOMPUTE = OFF, IGNORE_DUP_KEY = OFF, ALLOW_ROW_LOCKS = ON, ALLOW_PAGE_LOCKS = ON) ON [PRIMARY]
) ON [PRIMARY] TEXTIMAGE_ON [PRIMARY]

GO
SET ANSI_PADDING OFF
GO
/****** Object:  Table [dbo].[AspNetRoles]    Script Date: 13-Mar-17 5:12:45 AM ******/
SET ANSI_NULLS ON
GO
SET QUOTED_IDENTIFIER ON
GO
CREATE TABLE [dbo].[AspNetRoles](
	[Id] [nvarchar](128) NOT NULL,
	[Name] [nvarchar](256) NOT NULL,
 CONSTRAINT [PK_dbo.AspNetRoles] PRIMARY KEY CLUSTERED 
(
	[Id] ASC
)WITH (PAD_INDEX = OFF, STATISTICS_NORECOMPUTE = OFF, IGNORE_DUP_KEY = OFF, ALLOW_ROW_LOCKS = ON, ALLOW_PAGE_LOCKS = ON) ON [PRIMARY]
) ON [PRIMARY]

GO
/****** Object:  Table [dbo].[AspNetUserClaims]    Script Date: 13-Mar-17 5:12:45 AM ******/
SET ANSI_NULLS ON
GO
SET QUOTED_IDENTIFIER ON
GO
CREATE TABLE [dbo].[AspNetUserClaims](
	[Id] [int] IDENTITY(1,1) NOT NULL,
	[UserId] [nvarchar](128) NOT NULL,
	[ClaimType] [nvarchar](max) NULL,
	[ClaimValue] [nvarchar](max) NULL,
 CONSTRAINT [PK_dbo.AspNetUserClaims] PRIMARY KEY CLUSTERED 
(
	[Id] ASC
)WITH (PAD_INDEX = OFF, STATISTICS_NORECOMPUTE = OFF, IGNORE_DUP_KEY = OFF, ALLOW_ROW_LOCKS = ON, ALLOW_PAGE_LOCKS = ON) ON [PRIMARY]
) ON [PRIMARY] TEXTIMAGE_ON [PRIMARY]

GO
/****** Object:  Table [dbo].[AspNetUserLogins]    Script Date: 13-Mar-17 5:12:45 AM ******/
SET ANSI_NULLS ON
GO
SET QUOTED_IDENTIFIER ON
GO
CREATE TABLE [dbo].[AspNetUserLogins](
	[LoginProvider] [nvarchar](128) NOT NULL,
	[ProviderKey] [nvarchar](128) NOT NULL,
	[UserId] [nvarchar](128) NOT NULL,
 CONSTRAINT [PK_dbo.AspNetUserLogins] PRIMARY KEY CLUSTERED 
(
	[LoginProvider] ASC,
	[ProviderKey] ASC,
	[UserId] ASC
)WITH (PAD_INDEX = OFF, STATISTICS_NORECOMPUTE = OFF, IGNORE_DUP_KEY = OFF, ALLOW_ROW_LOCKS = ON, ALLOW_PAGE_LOCKS = ON) ON [PRIMARY]
) ON [PRIMARY]

GO
/****** Object:  Table [dbo].[AspNetUserRoles]    Script Date: 13-Mar-17 5:12:45 AM ******/
SET ANSI_NULLS ON
GO
SET QUOTED_IDENTIFIER ON
GO
CREATE TABLE [dbo].[AspNetUserRoles](
	[UserId] [nvarchar](128) NOT NULL,
	[RoleId] [nvarchar](128) NOT NULL,
 CONSTRAINT [PK_dbo.AspNetUserRoles] PRIMARY KEY CLUSTERED 
(
	[UserId] ASC,
	[RoleId] ASC
)WITH (PAD_INDEX = OFF, STATISTICS_NORECOMPUTE = OFF, IGNORE_DUP_KEY = OFF, ALLOW_ROW_LOCKS = ON, ALLOW_PAGE_LOCKS = ON) ON [PRIMARY]
) ON [PRIMARY]

GO
/****** Object:  Table [dbo].[AspNetUsers]    Script Date: 13-Mar-17 5:12:45 AM ******/
SET ANSI_NULLS ON
GO
SET QUOTED_IDENTIFIER ON
GO
CREATE TABLE [dbo].[AspNetUsers](
	[Id] [nvarchar](128) NOT NULL,
	[Email] [nvarchar](256) NULL,
	[EmailConfirmed] [bit] NOT NULL,
	[PasswordHash] [nvarchar](max) NULL,
	[SecurityStamp] [nvarchar](max) NULL,
	[PhoneNumber] [nvarchar](max) NULL,
	[PhoneNumberConfirmed] [bit] NOT NULL,
	[TwoFactorEnabled] [bit] NOT NULL,
	[LockoutEndDateUtc] [datetime] NULL,
	[LockoutEnabled] [bit] NOT NULL,
	[AccessFailedCount] [int] NOT NULL,
	[UserName] [nvarchar](256) NOT NULL,
 CONSTRAINT [PK_dbo.AspNetUsers] PRIMARY KEY CLUSTERED 
(
	[Id] ASC
)WITH (PAD_INDEX = OFF, STATISTICS_NORECOMPUTE = OFF, IGNORE_DUP_KEY = OFF, ALLOW_ROW_LOCKS = ON, ALLOW_PAGE_LOCKS = ON) ON [PRIMARY]
) ON [PRIMARY] TEXTIMAGE_ON [PRIMARY]

GO
/****** Object:  Table [dbo].[doctors_table]    Script Date: 13-Mar-17 5:12:45 AM ******/
SET ANSI_NULLS ON
GO
SET QUOTED_IDENTIFIER ON
GO
CREATE TABLE [dbo].[doctors_table](
	[ID] [int] IDENTITY(1,1) NOT NULL,
	[DoctorName] [nvarchar](50) NOT NULL,
	[DoctorPosition] [nvarchar](50) NOT NULL,
	[DoctorUIN] [nvarchar](50) NOT NULL,
	[HealthcareFacilityId] [int] NOT NULL,
	[DoctorEmail] [nvarchar](50) NOT NULL,
	[DoctorPhoneNumber] [nvarchar](15) NOT NULL,
	[DoctorNIN] [nvarchar](10) NULL,
 CONSTRAINT [PK_Doctor] PRIMARY KEY CLUSTERED 
(
	[ID] ASC
)WITH (PAD_INDEX = OFF, STATISTICS_NORECOMPUTE = OFF, IGNORE_DUP_KEY = OFF, ALLOW_ROW_LOCKS = ON, ALLOW_PAGE_LOCKS = ON) ON [PRIMARY]
) ON [PRIMARY]

GO
/****** Object:  Table [dbo].[healthcareFacilities_table]    Script Date: 13-Mar-17 5:12:45 AM ******/
SET ANSI_NULLS ON
GO
SET QUOTED_IDENTIFIER ON
GO
CREATE TABLE [dbo].[healthcareFacilities_table](
	[ID] [int] IDENTITY(1,1) NOT NULL,
	[FacilityName] [nvarchar](100) NOT NULL,
 CONSTRAINT [PK_HealthcareFacilities] PRIMARY KEY CLUSTERED 
(
	[ID] ASC
)WITH (PAD_INDEX = OFF, STATISTICS_NORECOMPUTE = OFF, IGNORE_DUP_KEY = OFF, ALLOW_ROW_LOCKS = ON, ALLOW_PAGE_LOCKS = ON) ON [PRIMARY]
) ON [PRIMARY]

GO
/****** Object:  Table [dbo].[institution_table]    Script Date: 13-Mar-17 5:12:45 AM ******/
SET ANSI_NULLS ON
GO
SET QUOTED_IDENTIFIER ON
GO
CREATE TABLE [dbo].[institution_table](
	[ID] [int] IDENTITY(1,1) NOT NULL,
	[InstitutionName] [nvarchar](100) NOT NULL,
 CONSTRAINT [PK_Institution] PRIMARY KEY CLUSTERED 
(
	[ID] ASC
)WITH (PAD_INDEX = OFF, STATISTICS_NORECOMPUTE = OFF, IGNORE_DUP_KEY = OFF, ALLOW_ROW_LOCKS = ON, ALLOW_PAGE_LOCKS = ON) ON [PRIMARY]
) ON [PRIMARY]

GO
/****** Object:  Table [dbo].[medicalNote_table]    Script Date: 13-Mar-17 5:12:45 AM ******/
SET ANSI_NULLS ON
GO
SET QUOTED_IDENTIFIER ON
GO
CREATE TABLE [dbo].[medicalNote_table](
	[ID] [int] IDENTITY(1,1) NOT NULL,
	[DoctorID] [int] NOT NULL,
	[StudentID] [int] NOT NULL,
	[InstitutionID] [int] NOT NULL,
	[MEN] [nvarchar](10) NOT NULL,
	[VisitDate] [datetime] NOT NULL,
	[Diagnose] [nvarchar](100) NOT NULL,
	[Needs] [nvarchar](100) NOT NULL,
 CONSTRAINT [PK_MedicalNote] PRIMARY KEY CLUSTERED 
(
	[ID] ASC
)WITH (PAD_INDEX = OFF, STATISTICS_NORECOMPUTE = OFF, IGNORE_DUP_KEY = OFF, ALLOW_ROW_LOCKS = ON, ALLOW_PAGE_LOCKS = ON) ON [PRIMARY]
) ON [PRIMARY]

GO
/****** Object:  Table [dbo].[student_table]    Script Date: 13-Mar-17 5:12:45 AM ******/
SET ANSI_NULLS ON
GO
SET QUOTED_IDENTIFIER ON
GO
CREATE TABLE [dbo].[student_table](
	[ID] [int] IDENTITY(1,1) NOT NULL,
	[StudentNIN] [nvarchar](10) NOT NULL,
	[StudentName] [nvarchar](50) NOT NULL,
	[StudentAddress] [nvarchar](100) NOT NULL,
	[StudentAge] [int] NOT NULL,
 CONSTRAINT [PK_student_table] PRIMARY KEY CLUSTERED 
(
	[ID] ASC
)WITH (PAD_INDEX = OFF, STATISTICS_NORECOMPUTE = OFF, IGNORE_DUP_KEY = OFF, ALLOW_ROW_LOCKS = ON, ALLOW_PAGE_LOCKS = ON) ON [PRIMARY]
) ON [PRIMARY]

GO
INSERT [dbo].[__MigrationHistory] ([MigrationId], [ContextKey], [Model], [ProductVersion]) VALUES (N'201703100953174_InitialCreate', N'MediNote.Auth.AuthContext', 0x1F8B0800000000000400DD5CDD6EE3B815BE2FD0771074D516592B3F9DC134707691759236E8E407E3CCA277035AA26D62244A2B51D904459FAC177DA4BE420F254A162552A66445768A0106117FBE737878481E1E7DF27FFFFD9FE94F2F816F3DE3382121BDB04F26C7B685A91B7A84AE2EEC942D7FF864FFF4E3EF7F37BDF68217EB97A2DD196F073D697261AF198BCE1D2771D73840C924206E1C26E1924DDC307090173AA7C7C77F714E4E1C0C10366059D6F44B4A190970F6008FB390BA386229F2EF420FFB8928879A79866ADDA300271172F1857D873D721F323CB94CD9DAB62E7D82408939F697B685280D1962A0E2F9D704CF591CD2D53C8202E43FBD4618DA2D919F60A1FAF9A6B9E9288E4FF9289C4DC702CA4D1316061D014FCE84599C7AF75EC6B54BB381E1AEC1C0EC958F3A33DE857DEBE1ACE84BE88301EA02CF677ECC1B837D4B119749748FD9A4E838C9216F6280FB2D8CBF4FAA88479671BFA3D28D4E27C7FCDF91354B7D96C6F882E294C5C83FB21ED3854FDCBFE3D7A7F03BA61767278BE5D9A70F1F9177F6F1CFF8EC4375A4305668271540D1631C463806DDF0B21CBF6D39723FA7DEB1EC56E9935B057C0956846DDDA197CF98AED81AD6CAE927DBBA212FD82B4A84737DA50416107462710A8FF7A9EFA3858FCB7AA75526FFBF45EAE9878F8348BD47CF64954D7D4D3E2C9C38B1AD2FD8CF6A933589F2E525CDF737D1EC260E03FE2CFB575EFB6D1EA6B1CB07136A9B3CA1788599ACDDD4D938AF914B73A8E1DDBA403D7CD7E69A36DD5BD9940FA8CF4A28448CBD1A0A7DDF566E2F8F1BDEDB0EDFD3DECB267A1D20E20FB08B1A4881D86549E20097A3FC39049F45B4B3CE8F2849606ABDBFA164DDA23AFC3980EA73ECA63138D49CA1207A73698FEB90E2FB3458F055339EACC1A6E6E9B7F006B92C8CAF29EFB533DEE7D0FD1EA6EC9A7A5788E1AFCC2D00F9E31309CC010651E7D2757192DC8033636F1642685E00DE527676DA198E6F65FB8E62663E22417B18C3D5FC56B46BC631956A6D20536DA38A64DA34FC1CAE0835D0B068A7D130AF6ED750B4E9AA214732505034D3E897D5B6AB9737192C12CCE663F8C33983FD7F3FA1750BBE62C6396C83F8AF98E218F62AEF11318663BA990193CD611F1141367D5CE89B1F4099A45F909F0E2DAAD76AC8D6FEF0AB21833DFCD590A909C5CFC4E3A187C105A9680CF046EDD577AFED6BAEA6D9D8CB411AE6D8C2C7D90374CBE53249429764AB40911A13890D597F08D4ACED598E7C34F54C090C0C1C9D44E0DA500263B3EB4EF540AFB08F19B62EDD3C753843898BBCA61961405E07C58A1355A1D82663222BF7A7864CF0741CF34E88DF741258A984B2E6B220D42511F2B75AA9D6D3F008E3632F65D46BAE70842917B8D51226C2D50912AE4029A73629DB2C34752A1E67E688D5D074DB842BE354F58C8FEC8AAAE858A39988D9DED41915861AD11B15C63091AE4DED8DEE8EE21E6234E9F54BC9E1B863ED2AA4D14C044D6FEF8EB2A1C67647D918EFCB1DF35BA7D19CD7AEA087E38CF2C5777FC774D34A637BA264890373C43C8A843E0C7AE0B8C899A56CCDCBF00B53DCAE403D71C14A44AC5A77088E39C74C4EB56C02566520E9B483D4BDA60D70E3595B40C57BBE56A04E9A1519B75644110F74802DD264ADB0625FAFC156E6BD895D7DD95969A87F255A7748A3BB4339B2D2151A8E6D14EA577014DE50DFA7E48177308A943AD55B451BC61A07B295F1883930B08B2AEED418A618C3B096297C718B65541195714CD5DF32B510486399620CC35A4638E216C328CE76D3D3BDBF59E4C378A08554E420CAD3A3AC9B3A39B549144C1D0D076A7A87A288D0558513254AAC794E889AFD30EF4E170A720CC74D14ACA152DB52120B63B4C2B55A100D9ADE9038615788A105E219989917349A55CF4ACD8E5E48AA1E87CD892BB6F6A235FF3BEF21B1C2E463B3194E88EE3730A6800724594A5B31E3EAEE1667A5211FC58A2CFA2CF4D380EAE3237DEFFC8559B57F5ED244983A35FD1B2150C3508DF854B6BAD19C3497C1EEF3534621FDE7480FA1B374113A566DAD0B27F528459EA88AA2CB1DED6DCE7411499F79DA718EC65A4782F9510510451D312AE4810658A5CE1C55E6775431E51A73C41A89A30A59ABEAA06595AA212959ADE885A7B1A8BA85B9842639A38ADEAC354756D034AAD08AEA1ED80A9DEB75E6A80A26471558516D8EBDA175D477CE033EA9B4B78F3E5B607E2BDD6D1FD460BCCD6638CC515779755E05AA1477C4122FC71B60A2FC201D497B59EBE348791E623747D260E8F71BE97DB3BCDDB4BE24D7634A2F91A52DBDED25BA1EAF9BBBBEA953342E6EF526A5F4F20257BBA84DC5A569FB172D8D5B54DEC4B60A33C271FE9A301C4C7883C9FC577FE613CC37EFA2C11DA2648913961327ECD3E393D3DA973187F3958A93249EDFE1531579CE46E040D16714BB6B143719093B7CC9B1016DE48A6FA9875F2EEC7F66BDCEB3D404FF2B2B3EB26E93AF94FC9A42C5539C62EB5F4D1AE5F0CCF6BE761FFD3B0473ABDEFEE35BDEF5C87A8861C59C5BC7355BF69961F9EB844EDAE45D77D0A6DF370BEF773549947E256A6D35F467F02F081B84BD5F68F98700BDFCB1AB6A4A86FE4E880A16FE5078839850C7B2EF83A565D87BF0C832867DB7C1AA19F77D54D3B2ED09ED0E56E7DA9BEF4145CF3D9E338ABBD0185B5266E7AD34E69D388DFB3E981A6CE79D167A93D1DC016E07D6720FCF786784DFC14E47059F7730EC7DBAF69B93780F85B7BB2164EC97AE3B36F5C758E6BB24E61E12DD4C706AF6CCC01DDBBF7439DB43E63676A0DA1E92830976D59E39B5633B982E977BC80E664E9E3D24FFDAF7F1B80FEF323E1EF74E886D728134EF585449DE6DCCD73C230EB7F745081E90478BF917876A46964ED8C653B402374DF442F554B036C15B59B4ED02BB0913E779AB44D1A65DAC8622D9265B6CF5ADB2459B76D91A12E23E08BB4A4AA08A41BD65FB6AA330BD0382AE7600C666901C53F37AFC1DF071773784B44A34AF770F9E7EBBBB19865C161DE8B6CDB7B37022567E95104EE584AC3610FC370A2976A5B3B06C734B97617124D7342A9AD4722A7798210F0ECACB989125721954F3AC70F621749669E3EF2616D8BBA50F298B520643C6C1C2975254FC686F939F718A659DA70F51F6531E430C01D4243C9BFE407F4E89EF957ADF28B2381A081E33881C2C9F4BC673B1ABD712E93EA48640C27C65A8F38483C807B0E481CED133EEA31BB8DF67BC42EEEB2667A703D93E11B2D9A75704AD6214240263D31F1EC187BDE0E5C7FF01AB628B099C530000, N'6.1.3-40302')
INSERT [dbo].[__MigrationHistory] ([MigrationId], [ContextKey], [Model], [ProductVersion]) VALUES (N'201703101340322_UserNIN', N'MediNote.Auth.AuthContext', 0x1F8B0800000000000400DD5CDD6EE3B815BE2FD0771074D516592B3F9DC134707691759236E8C409C6996DEF06B444DBC4489456A2B20916FB64BDE823F5154A4A944489A44CC9B2AD592CB018F3E73B878787E4E1E1A7FCEF3FFF9DFEF01AF8D60B8C1314E22BFB6C726A5B10BBA187F0FACA4EC9EABB0FF60FDFFFF10FD35B2F78B57E2ADA5DB076B4274EAEEC0D21D1A5E324EE0606209904C88DC3245C91891B060EF042E7FCF4F46FCED9990329844DB12C6BFA29C5040530FB417FCE42ECC288A4C07F083DE827BC9CD62C32546B0E029844C08557F603F4D03C2470729D928D6D5DFB08502516D05FD916C038248050152F3F277041E210AF17112D00FEF35B0469BB15F013C855BFAC9A9B8EE2F49C8DC2A93A16506E9A9030E8087876C1CDE234BBF732AE5D9A8D1AEE961A98BCB15167C6BBB2EF3D98157D0A7D6A80A6C0CB991FB3C6D4BEA588EB249A4332293A4E72C8BB98C2FD12C65F2722E28965DCEFA474A3F3C929FBEFC49AA53E49637885614A62E09F584FE9D247EE3FE1DB73F815E2AB8BB3E5EAE2C3BBF7C0BB78FF5778F14E1C291D2B6D572BA0454F7118C198EA0657E5F86DCBA9F7739A1DCB6E429FDC2AD497E88AB0AD07F0FA11E235D9D0B572FEC1B6EED02BF48A12EE5C9F31A20B887622714A7FCE53DF074B1F96F54EAB4CF6FF16A9E7EFDE0F22750E5ED03A9BFA867CBA70E2C4B63E413FAB4D3628CA97576DBEBFF066777118B0DF75FFCA6BBF2CC23476D960426D936710AF21A96B37752AE73572690635BC5B17A8E3776DA6A9ECDECAA66C407D564221E2D0ABA1D077BF728D3DEE5F70791D21668C565F138FA8497EA44DAAAED4A17883CA5FCE4CFD05D371FC9EB73F66A0F9FDBC4530FDA791E07639B70140FE00FBAC81141ADDAC501CC0D29A3F86D4AB01EE6C9B279024749BF1FE0192CDDE0DB4806E1A53EF5F1010447B97F6B409319CA7C192ADACC3C91A6C6A9E7F09EF804BC2F816B35E3BE37D0CDDAF614A6EB1770308FC4CDC0290FD7C468139C020EA5CBB2E4C923BEACCD09B8534782F00EF31B938EFB7C88F1CE7CC7C800275A0536DD55F8A56559C23554A618EDC4215E5B4E9F6315C23BC55B7A29552B7BCB24D37DEA2AB6E0C67AB6ABC9152B3ACAE4DB1BCC16091613607C3878619ECF863C3DDCE7DDDF216CCB8A09B1EFC3BC430A63B93F704088131AE66C0642B38469C914D1F13BAF7E32693F413F0D3A145F55A0DD9AA1F7E3564B0E35F0D999AB4F805792CD030B830158D29BC517BF55D6CFB9A6B6876E8E5501BE63162FEE35DF2AE93247451B60A14A9329EE8A8EB4FC3326B7BD6231F4D33734207461D1D45D4B569091D9BDD74AA477C037D48A075EDE6A9C419485CE0C966A403F23A28569CA80AC5AA0C4A5DB9BF4832A9A7C3987502EC5E93D0958A30919705C22E8A80BFD54A8D9E8647181B7B29A3597303238899C0AD963011AE4E9830054A398D49D966A1A923785CBB23CA81A86EBA5BA2D26AB6C5ECC5419C501F096B7C90C76A7B7142AD890EE0835A4398C8D6A6F70EEC82FCBE6130D9CDCBC7385CB071E1D1B8200F90F6ED8275131DD605EB86F8965C30BF571ACC75E392390E07AC5F6C0F7F0CEBEC7358EFAB596164CE974788B40FA13D605C64BF52B26165F095286E4E543D7E794A781CDA740586B980A49E40A982516590E8B483343DA60DB0F2AA2DA0FC4D4F0212D74C07BD8ADC59AB62FCC4EF005BA4BD5A61F92EDE8015665DC6169F358586FAC7CFA63B1ADD0ACA91958E20B9B551102FE0287CA1B93FD5076E6014450A54B6C996F0D430401546C2ADDF62117D44A93148A1FD9016293CB0D522AA68C9305EEA6B914680A3B148A1FD9016E16ED76A10C5D96D767AF73547FDB81D68C1145984F28C28EBA64E4E56E2055347C36A9A3E802842782DB09C7889B5C8294EB3EF16DD0940418EE1B8898207546A5B4A22610CD6B0514B45534DEF509C901B40C012B01CCACC0BA466E289A8D9B90B49E2A1274F5BB18517ADD9BFF31EF547F4DAE128070DBCFB1D1D53C0828E2C29AD987175778BF1CC800F62451E7C16FA6980F53190BE77FEC025F6CF4B6484A9D3D05F0A74244349F167DDEA4673222F83DDE7A78C35FACF911E4267E92240146DAD0B1AF52845A64744D1657F8E3667BAC8C3749E8450AEFB0CB575DECF1A2AD920CDA9CD0ACD7138DB4344E1451D3104C2800426D499A3D6391D2266BDC61CB141DC10211B551DB414E9193525C58A5E781A8BAA5B984B90091922BA5C6B8EACA06688D08AEA1ED80A9D9B75E6A80AF68608ACA8EEB842A593AE2A1DCDCEA9B8140C73DCE537D8DDCE3B0DC6FE36D5DD8F4BE1015D04128A3B62F12772098C978FD291B497BC3E8E94E72C7673240D867EBFA9BD3AD7B79BD6A7723D66ED29B9B6A5B73DA5EBF1BAB9EB5E9D42BAFC359B94D2CB4B60E3B237E517AFEDDFB94837B1BC896D1566A4C7F95B426030610D268B9FFD998F20DBBC8B060F00A3154C484E9FB0CF4FCFCE1BDFCB8CE7DB1527493C5F7171D57DC0529FB30330A1F00B88DD0D88655EC20EDF7754A05256F91E7BF0F5CAFE35EB75992537D8BFB2E213EB3EF98CD1CF29AD788E5368FD26532787E1BBB7DFC946FA7582B955EFFFFD25EF7A623DC674C55C5AA70D5BF699E1FA370B9DB4C9BBEEA04D9F2F19BEDDB5D4F858A0C0FD53005EFF2C8275FE2040A961635DF5E7FF2F111984FBBFD37895FCFE9D10151CFEA1F00631A18EA3DF074BCBCFF7E84F92F1F3BB0D56CDD7EFA39A96AB8F7077B02653DF7C372B7A1EF1C452DCAA0EB1BD6576DE4A8BDE892379EC234E624FEFB4D065867407B81D58D03D3CE31B23100F76D22AF8C1839EE2C772EDBD9382C7C203AE4820C7A5FF1E92F1DBF218F53B20FA1E97D6A6E0F01C95D37B68BFD2657DC7CB9D34A6EF8EC7B1388BEBA84CDD433B962E0B3C5EC73225E58EC7AF8E75101ECFAB8C8FC1A3936D650692E655469516DEC6AACD73E8F496BE0CE9FCE75161FEA5A29A07D6C643DD22B06AA217AA27A035058BCB45122956B60BEB36427E72B70E91B76917AB2161B6C9E69B7BAB6CDEA65DB686EE780C2AB09284A862666FD9B8DA4853A3A6FED654D7B3CAB7059AAD8FE8A366FAEE6A80DAAAD03CFE8E98D8BBEBF08774FF0E445EF9CD969E7AC25F30A4276F82D61504FB7B8618BAB5F3AE6C738F576171EC36342A9A34F2230F90008F1E86D731412BE0125ACD32BCD947D259D68CBD332CA1778F1F5312A5840E19064BBF966E62C7779BFC8CAD5CD779FA18657FE0638821503511CB8C3FE21F53E47BA5DE778A8C8C0682C5053C9FCAE692B0BCEAFAAD449A87D810889BAF0C679E6110F9142C79C40BF002FBE846DDEF235C03F7ADCABFE940B64F44DDECD31B04D63108128E51F5A73FA90F7BC1EBF7FF0703A5DEEFC8530000, N'6.1.3-40302')
INSERT [dbo].[__MigrationHistory] ([MigrationId], [ContextKey], [Model], [ProductVersion]) VALUES (N'201703101533078_UserNIN-drop', N'MediNote.Auth.AuthContext', 0x1F8B0800000000000400DD5CDD6EE3B815BE2FD0771074D516592B3F9DC134707691759236E8E407E3CCB677035AA21D62244A2B51D9048B7DB25EF491FA0A3D942889924899B2655BB3586031E6CF770E0F0FC9C3C34FF9DF7FFE3BFDE135F0AD171C2724A417F6C9E4D8B63075438FD0D5859DB2E5771FEC1FBEFFE31FA6D75EF06AFD54B43BE3EDA0274D2EEC67C6A273C749DC671CA0641210370E9370C9266E1838C80B9DD3E3E3BF3927270E06081BB02C6BFA29A58C0438FB013F67217571C452E4DF851EF613510E35F30CD5BA47014E22E4E20BFB0E7BE43E64787299B267DBBAF4090225E6D85FDA16A2346488818AE79F133C67714857F3080A90FFF4166168B7447E8285EAE75573D3511C9FF2513855C702CA4D1316063D014FCE84599C66F78D8C6B976603C35D8381D91B1F7566BC0BFBD6C359D1A7D0070334059ECFFC983706FB96222E93E81EB349D1719243DEC400F74B187F9DC888479671BFA3D28D4E27C7FCBF236B96FA2C8DF105C5298B917F643DA60B9FB8FFC46F4FE1574C2FCE4E16CBB30FEFDE23EFECFD5FF1D93B79A4305668572B80A2C7388C700CBAE165397EDB72EAFD9C66C7B29BD427B70AF812AC08DBBA43AF1F315DB167582BA71F6CEB86BC62AF2811CEF599125840D089C529FCBC4F7D1F2D7C5CD63B9D32F9FF3BA49EBE7B3F88D47BF44256D9D437E4C3C28913DBFA84FDAC36792651BEBC6AF3FD4534BB89C380FFAEFB575EFB651EA6B1CB07136A9B3CA17885595DBBA95339AF914B73A8E1DDBA401DBF6B734DDBEEAD6CCA07B4C94A2844EC7B3514FAEE56AEB1C7FD0B2F2E23C28DD1E96BF21135C98FB449D5151C4A34A8FCE5C4D45F288CE3F7BCFD5D0788F803EC7F065220EA589238C0E5287F0CC1DB10EDADF3234A1258FEDE3F50F2DCA13AFC7300D5E7D84D63F0CA394341B473698FCF21C5F769B0E01EBF3F59834DCDD32FE10D7259185F53DE6B6BBC8FA1FB354CD935F5AE10C39F995B00F29F4F24300718449D4BD7C5497203CE8CBD5908417501784BD9D9696F38BE3B1D3AFE98F98804EA00A4DA42BF14ADAAF8A355D90A3FDA2D54D147976E1FC315A16B752B5A2975CB2BBB74132DFAEAC671D6AA261A2935CBEABA14CB1B0C16B16573307CC896C18E3F66DBEE3CD62D6FC98C73D8F4F0DF31C531EC4CDE23620CC7B49A0193ADE010E77F367D5CE8CE8F9B4CD24FC84F8716B5D16AC856FDF0AB21831DFF6AC8D484E217E2F140C3E02253340678A3F6EA3BD2FA35D7D06CDFCBA136CC7D0BDFCF1EA05B2E974912BA245B058A14964840D4F587B0CC5A9F8DC847D3CC68C0C0C0D14904AE0D253036BBE9540FF40AFB9861EBD2CD537C3394B8C86B9B1106E4F550AC3851158A55998DBA727F69C9044FC731EF84F8BD2681954A286B2F0B425D12217FAD951A3D0D8F303EF65246B3E60A479872816B2D61225C9DC8E00A94721A93B2CE425347F2B86E476C07A2BAE9EE884AABD996B30A7B71427D24ACF14111ABEDC409B526DA830F6A0D61225B9B76DBB30B8AFB86C164372F1FE370C1C68547E3822240DAB50BD64DB45F17AC1BE25B72C1FC5E6930D78D4BE6381CB07EB1DDFF31ACB3CF7EBDAF668591395F1E21421F063D705C64BF52F6CCCBF02B53DC9C403D71794A441CDA74058E39C7AC9E40A982516590E87483343DA60BB0F2AA35A0E2ADAD0524AF991E7A15B9B34EC5C489DF03B6487B75C28A5DBC012BCD7A1B5B7E6E941AEA1F259BEE68742B2847563A42CBAD8D82780947E10BCDFDA93E7003A32852A06D9BAC094F0D03546924C2FA1D16D147941A8314DA0F6991C2033B2DA28A960CE3A54D2DD20870341629B41FD222C2ED3A0DA238BBCD4EEF4DCD513F6E075A304516A13C23CABAA993938844C1D4D1B08DA677288A085D49EC235162CD73EAD1ECBB797F624E9063386EA2E0E794DA96925818A3156ED48268D0F486C409BB420C2D10CFA1CCBCA0D54C3E11353B7721493EF4DAD3566CE1456BFEEFBC47FD71BB7638B68306D1FD06C614F0A0234B4A2B665CDDDDE2FC2FE4A35891079F857E1A507D0CA4EF9D3F70C9FDF39236C2D469E8DF0A745A866AC59F75AB1BCD497B196C3F3F65ACB1F91CE92174962E0244D9D6BAA0518F52647A64145DF6E76073A68B3C4CE7490AE5FACF5057E7DDAC21C1D2900144514F0CE9A1BF0526D599A3D6B9183266BDC61CB141B890211B553DB49469153525E58A8DF0341655B73097D02652C8E8ED5A736405A5428656546F80ADD0B959678EAA605DC8C08A6A73EC8A82D1DC35477C4A696F199B1C53F9CD73BB734A83B19BCD7098634E7AF89681A4E29E58E269BB0526CA47E948DACBD9268E94E71AB673240D867EBFA9BD16D7B79BCE276E3D66ED09B8B6A5773D81EBF1FAB9EB4E9DA275696B3629A59797B7C6256D2A2E4CEBBF1B69DDA0F226B65598118EF3B784E160C21B4CE63FFB339F60BE79170DEE10254B9CB09CF6609F1E9F9C36BE3F19CFB7204E9278BEE2C2A9FB20A43E677B6030D11714BBCF286EF309B6F85EA2026D65836FA9875F2FEC5FB35EE7595282FF2B2B3EB26E93CF94FC9C42C5539C62EBB736E57118FE78F75D6AA46C7F73ABDEFEFB4BDEF5C87A8861C59C5BC70D5B6E32C3F56F007A699377DD429B4DBE0CF876D7528D7CAF446DAC85CDB9F60BC206E1D9175AFE2940AF7FEEAB9A924BBF15A2822F3F14DE2026D4F1E137C1D272E13DF8C9322E7CBFC1AAB9F19BA8A6E5C513DA1FACC98A37DF818A9E073C651437A17D6C49999DD75290B7E2231EFA586A3195B75AE86D36720FB82D18C71B78C63746D61DEC7454707107C33EA46BEF9C803B16CE6D45B8382CD5769FECDA8E879FDF01A9F6B01432055FE6A0FCD97DFB952E533B5E9EA23155763C8E2518530765C5EEDBB17499DBF13A962901763C7E75A883F0705E657C0C1E9CD8DA66FB685E5254A9DC750CD63CEF0DB7F44508F39F4785F957816ACE5517E7738DC0AA895EA89EECD5142C2F979648B9B25B58BF118A93BB7388A24DB7580DE1B14BB6D8DC3B658B36DDB235D4C243D06E95843F150B7ACDC6D545501A35CDB6A6BA9EC1BD2ED0EC7CF81E35AB765B03D45685E6C176C424DA6D873FA4FBF720CDB6DF59E1D493FE8A1F9CBC09595510FC6FFA51ECD6CEBBB2CD2D5D86C5B1DBD0A868D2C88FDC61863C380C2F634696C86550CD33BCD907C959D68CBF332CB0774B1F5216A50C868C83855F4B37F1E3BB4B7EC60CAEEB3C7D88B23FA631C410404DC233E30FF4C794F85EA9F78D2223A381E07181C8A7F2B9643CAFBA7A2B91EE436A0824CC5786334F38887C004B1EE81CBDE04D7403F7FB8857C87DABF26F3A90F5135137FBF48AA0558C82446054FDE127F8B017BC7EFF7FAD0778D4CC520000, N'6.1.3-40302')
INSERT [dbo].[AspNetRoles] ([Id], [Name]) VALUES (N'1', N'Admin')
INSERT [dbo].[AspNetRoles] ([Id], [Name]) VALUES (N'2', N'Doctor')
INSERT [dbo].[AspNetRoles] ([Id], [Name]) VALUES (N'3', N'Student')
INSERT [dbo].[AspNetUserRoles] ([UserId], [RoleId]) VALUES (N'085a074f-64bb-4e69-b86f-084ae4659f58', N'2')
INSERT [dbo].[AspNetUserRoles] ([UserId], [RoleId]) VALUES (N'0adbbb1c-d472-4a9b-bac6-0b61d715ae3f', N'1')
INSERT [dbo].[AspNetUserRoles] ([UserId], [RoleId]) VALUES (N'1af3e755-7a0b-4832-a486-c38544aa6fe4', N'3')
INSERT [dbo].[AspNetUserRoles] ([UserId], [RoleId]) VALUES (N'2d6e12c0-74f7-409a-89f4-e48185eea62f', N'2')
INSERT [dbo].[AspNetUserRoles] ([UserId], [RoleId]) VALUES (N'3d1c67d4-a599-45c6-8e58-1ffbe30af8b2', N'2')
INSERT [dbo].[AspNetUserRoles] ([UserId], [RoleId]) VALUES (N'4e23ec05-ad96-4680-8cf3-6fa3ac63227c', N'2')
INSERT [dbo].[AspNetUserRoles] ([UserId], [RoleId]) VALUES (N'635758b3-e835-49f2-8f2a-8130919ef81e', N'2')
INSERT [dbo].[AspNetUserRoles] ([UserId], [RoleId]) VALUES (N'e35c1f9a-c882-450f-8228-d129c4a47507', N'2')
INSERT [dbo].[AspNetUserRoles] ([UserId], [RoleId]) VALUES (N'f0aa705b-723f-4aab-9353-00d74edb8a1d', N'3')
INSERT [dbo].[AspNetUserRoles] ([UserId], [RoleId]) VALUES (N'f0c75267-1d75-45d7-977d-8c63d00eb0da', N'2')
INSERT [dbo].[AspNetUserRoles] ([UserId], [RoleId]) VALUES (N'f9277c62-e046-4003-bc93-2c850d5fd7ea', N'2')
INSERT [dbo].[AspNetUserRoles] ([UserId], [RoleId]) VALUES (N'fafe6589-c368-4bdc-9ca8-e74d9541ed57', N'1')
INSERT [dbo].[AspNetUsers] ([Id], [Email], [EmailConfirmed], [PasswordHash], [SecurityStamp], [PhoneNumber], [PhoneNumberConfirmed], [TwoFactorEnabled], [LockoutEndDateUtc], [LockoutEnabled], [AccessFailedCount], [UserName]) VALUES (N'085a074f-64bb-4e69-b86f-084ae4659f58', NULL, 0, N'AC6tqRP9PJn+hxR1MdNjlFdHbXt7RR95uh6IZRgE8ecDCQA/JWqvCRpSBuU/zcEptg==', N'0567f437-52a0-45b8-8633-aab1739c8dd6', NULL, 0, 0, NULL, 0, 0, N'7503020002')
INSERT [dbo].[AspNetUsers] ([Id], [Email], [EmailConfirmed], [PasswordHash], [SecurityStamp], [PhoneNumber], [PhoneNumberConfirmed], [TwoFactorEnabled], [LockoutEndDateUtc], [LockoutEnabled], [AccessFailedCount], [UserName]) VALUES (N'0adbbb1c-d472-4a9b-bac6-0b61d715ae3f', NULL, 0, N'ABjoL5S2kQO6NTSdi9AIWQbulhjD+Hhz9NV3JLBfby0TwWwa1DvIhEIYC37lAwsDKw==', N'b4609b1a-fb02-462c-9d32-9d7e317be01b', NULL, 0, 0, NULL, 0, 0, N'8007040028')
INSERT [dbo].[AspNetUsers] ([Id], [Email], [EmailConfirmed], [PasswordHash], [SecurityStamp], [PhoneNumber], [PhoneNumberConfirmed], [TwoFactorEnabled], [LockoutEndDateUtc], [LockoutEnabled], [AccessFailedCount], [UserName]) VALUES (N'0dbf32fe-dc6a-4f15-9f00-ecc49f5e7a2c', NULL, 0, N'AA/aBMebSlRBWczQ5XthN37tHzGGXs3Hwub+yk5T64ZsukkMha0kbf02QNkqJE6Vrg==', N'85a232d5-1189-468c-be47-2063f9d5dbc6', NULL, 0, 0, NULL, 0, 0, N'9807060033')
INSERT [dbo].[AspNetUsers] ([Id], [Email], [EmailConfirmed], [PasswordHash], [SecurityStamp], [PhoneNumber], [PhoneNumberConfirmed], [TwoFactorEnabled], [LockoutEndDateUtc], [LockoutEnabled], [AccessFailedCount], [UserName]) VALUES (N'1af3e755-7a0b-4832-a486-c38544aa6fe4', NULL, 0, N'AAT4hd9uqfK+ELqFqJ9LmbdfReL05f0R52G0IsKrq9Nlb7PyqLuW5KBGGUDBVVuyCw==', N'1c45db04-9b63-4162-ba6c-20f5e5e94c42', NULL, 0, 0, NULL, 0, 0, N'9601010000')
INSERT [dbo].[AspNetUsers] ([Id], [Email], [EmailConfirmed], [PasswordHash], [SecurityStamp], [PhoneNumber], [PhoneNumberConfirmed], [TwoFactorEnabled], [LockoutEndDateUtc], [LockoutEnabled], [AccessFailedCount], [UserName]) VALUES (N'2d6e12c0-74f7-409a-89f4-e48185eea62f', NULL, 0, N'AOMgvaEElNzfoyiNUGeBxLB1zqVj3fYx9TDBtBNNMd+5wBJWymQ4mxshPCyy4VeDVQ==', N'9485c1e8-f4f5-456c-8bc1-5f70fd3239af', NULL, 0, 0, NULL, 0, 0, N'75030200017')
INSERT [dbo].[AspNetUsers] ([Id], [Email], [EmailConfirmed], [PasswordHash], [SecurityStamp], [PhoneNumber], [PhoneNumberConfirmed], [TwoFactorEnabled], [LockoutEndDateUtc], [LockoutEnabled], [AccessFailedCount], [UserName]) VALUES (N'3d1c67d4-a599-45c6-8e58-1ffbe30af8b2', NULL, 0, N'AIlt9/m8xs/xuTJbKWUcyISIbGodKmljICnS0UIOr2K+41NpSp0vStsXt+w2QQlEuQ==', N'b7e0805e-b15d-41a0-8a84-752920d2ae87', NULL, 0, 0, NULL, 0, 0, N'7503020001')
INSERT [dbo].[AspNetUsers] ([Id], [Email], [EmailConfirmed], [PasswordHash], [SecurityStamp], [PhoneNumber], [PhoneNumberConfirmed], [TwoFactorEnabled], [LockoutEndDateUtc], [LockoutEnabled], [AccessFailedCount], [UserName]) VALUES (N'4e23ec05-ad96-4680-8cf3-6fa3ac63227c', NULL, 0, N'ALmO8Q7R8W7DRPspApkYzY+poGgRdojhNTHMsJTqesQhWEabtQiOQk+TZMVnEVzzZg==', N'ad169cbd-0385-42f9-836d-6bf5bcc875f7', NULL, 0, 0, NULL, 0, 0, N'75030200015')
INSERT [dbo].[AspNetUsers] ([Id], [Email], [EmailConfirmed], [PasswordHash], [SecurityStamp], [PhoneNumber], [PhoneNumberConfirmed], [TwoFactorEnabled], [LockoutEndDateUtc], [LockoutEnabled], [AccessFailedCount], [UserName]) VALUES (N'635758b3-e835-49f2-8f2a-8130919ef81e', NULL, 0, N'APYVoMQZeCdhg7Pv/QVlGYnHS8lfsRKdq+28eVbXZVpQFM6hkiw7Pig/1LBSvuXjtw==', N'2a5d0d32-6c92-4fe5-ac7f-dbb393c3f6e8', NULL, 0, 0, NULL, 0, 0, N'7503020003')
INSERT [dbo].[AspNetUsers] ([Id], [Email], [EmailConfirmed], [PasswordHash], [SecurityStamp], [PhoneNumber], [PhoneNumberConfirmed], [TwoFactorEnabled], [LockoutEndDateUtc], [LockoutEnabled], [AccessFailedCount], [UserName]) VALUES (N'7b5a0172-9a26-4ce3-9a8e-deb013fb6c3c', NULL, 0, N'ALXfCu7Azkana9sFbNKsRvKuPHeq0EczhBg0YcMwRZFK6mPv8kT2CeG86tJ7m3DILg==', N'7e8fba57-7dba-4c7d-8be0-d024370e2220', NULL, 0, 0, NULL, 0, 0, N'78010109121')
INSERT [dbo].[AspNetUsers] ([Id], [Email], [EmailConfirmed], [PasswordHash], [SecurityStamp], [PhoneNumber], [PhoneNumberConfirmed], [TwoFactorEnabled], [LockoutEndDateUtc], [LockoutEnabled], [AccessFailedCount], [UserName]) VALUES (N'dccfd76a-df7c-49d6-bbc0-ccc3867fd5dd', NULL, 0, N'AG4cL8JYJJc6rjaHA8czDwk10UP51Flb/gECQ/TOaQ20fkHVISeUQap6yhOo05JcRg==', N'd0779282-5b93-4e44-9ab8-d317a40bb9e2', NULL, 0, 0, NULL, 0, 0, N'7801010912')
INSERT [dbo].[AspNetUsers] ([Id], [Email], [EmailConfirmed], [PasswordHash], [SecurityStamp], [PhoneNumber], [PhoneNumberConfirmed], [TwoFactorEnabled], [LockoutEndDateUtc], [LockoutEnabled], [AccessFailedCount], [UserName]) VALUES (N'e35c1f9a-c882-450f-8228-d129c4a47507', NULL, 0, N'ANHa8GiwbPAFWoDzSI39sB1o9VEmSY3kYq2a8M3+mSvuA2JrBWKOm7hTzJX5CBIsrw==', N'8c3eff98-8749-4b11-b0c9-359c0c7c469c', NULL, 0, 0, NULL, 0, 0, N'75030200014')
INSERT [dbo].[AspNetUsers] ([Id], [Email], [EmailConfirmed], [PasswordHash], [SecurityStamp], [PhoneNumber], [PhoneNumberConfirmed], [TwoFactorEnabled], [LockoutEndDateUtc], [LockoutEnabled], [AccessFailedCount], [UserName]) VALUES (N'f0aa705b-723f-4aab-9353-00d74edb8a1d', NULL, 0, N'AE2U0q6blv6JwA/pBMYQJxwGrJIQsXXbaNPl7lI4iXRiHKoHCmZhNKJLh6gBOtGD4Q==', N'a34a8f9b-4150-432c-b0bb-eb26c93ac107', NULL, 0, 0, NULL, 0, 0, N'9010100000')
INSERT [dbo].[AspNetUsers] ([Id], [Email], [EmailConfirmed], [PasswordHash], [SecurityStamp], [PhoneNumber], [PhoneNumberConfirmed], [TwoFactorEnabled], [LockoutEndDateUtc], [LockoutEnabled], [AccessFailedCount], [UserName]) VALUES (N'f0c75267-1d75-45d7-977d-8c63d00eb0da', NULL, 0, N'AFeNKtrtST27WyXP5QOpdVkhEHLfLohr98rJ6HrgMTqcDn6uUXop1NmwBx8b0PZ8Kw==', N'0d69fa9f-a653-47a3-9202-ebc7f373dd19', NULL, 0, 0, NULL, 0, 0, N'75030200016')
INSERT [dbo].[AspNetUsers] ([Id], [Email], [EmailConfirmed], [PasswordHash], [SecurityStamp], [PhoneNumber], [PhoneNumberConfirmed], [TwoFactorEnabled], [LockoutEndDateUtc], [LockoutEnabled], [AccessFailedCount], [UserName]) VALUES (N'f9277c62-e046-4003-bc93-2c850d5fd7ea', NULL, 0, N'AM3xt57jRlKHGhgu9RKSxmulOeBlADGPzCt9q4T5VMGMB1MeOHy6WJZOGG1kLdrEHA==', N'ac97da8e-5afa-4bc2-bca0-56b0a7be232f', NULL, 0, 0, NULL, 0, 0, N'9110100000')
INSERT [dbo].[AspNetUsers] ([Id], [Email], [EmailConfirmed], [PasswordHash], [SecurityStamp], [PhoneNumber], [PhoneNumberConfirmed], [TwoFactorEnabled], [LockoutEndDateUtc], [LockoutEnabled], [AccessFailedCount], [UserName]) VALUES (N'fafe6589-c368-4bdc-9ca8-e74d9541ed57', NULL, 0, N'AKdqL/TL+UyXFH23AR0nkI3by2cOC5eCN6utnATl6Dj5ZJ23EtNGMupO/wJNVOv4ag==', N'd9ea22d3-e17f-48d5-bd1c-a5f51d804376', NULL, 0, 0, NULL, 0, 0, N'9801030002')
INSERT [dbo].[AspNetUsers] ([Id], [Email], [EmailConfirmed], [PasswordHash], [SecurityStamp], [PhoneNumber], [PhoneNumberConfirmed], [TwoFactorEnabled], [LockoutEndDateUtc], [LockoutEnabled], [AccessFailedCount], [UserName]) VALUES (N'fd53759b-a5e8-46f0-89b5-7b91ba10d920', NULL, 0, N'AEkqtqDbzbxWH1rih4GOCWkRn2slX3kHAUAG08F5vPJ+ZcoLFCyvXJySbSn/CFd2Ew==', N'7eebb4d4-e3fe-4c7b-a08f-6f9604b575b8', NULL, 0, 0, NULL, 0, 0, N'Taiseer')
SET IDENTITY_INSERT [dbo].[doctors_table] ON 

INSERT [dbo].[doctors_table] ([ID], [DoctorName], [DoctorPosition], [DoctorUIN], [HealthcareFacilityId], [DoctorEmail], [DoctorPhoneNumber], [DoctorNIN]) VALUES (4, N'Петя', N'Lekar', N'2010010', 1, N'kdow', N'010010', N'0099112233')
INSERT [dbo].[doctors_table] ([ID], [DoctorName], [DoctorPosition], [DoctorUIN], [HealthcareFacilityId], [DoctorEmail], [DoctorPhoneNumber], [DoctorNIN]) VALUES (5, N'Kimona Minova', N'Obsht lekar', N'2100321', 2, N'dodkw@dw.com', N' 359888331839', N'1331223344')
INSERT [dbo].[doctors_table] ([ID], [DoctorName], [DoctorPosition], [DoctorUIN], [HealthcareFacilityId], [DoctorEmail], [DoctorPhoneNumber], [DoctorNIN]) VALUES (6, N'Ivan Milushev', N'Obsht Lekar', N'009983', 3, N'email@abv.bg', N'+359879881234', N'7801010912')
INSERT [dbo].[doctors_table] ([ID], [DoctorName], [DoctorPosition], [DoctorUIN], [HealthcareFacilityId], [DoctorEmail], [DoctorPhoneNumber], [DoctorNIN]) VALUES (9, N'Ivan Georgiev', N'Obsht Lekar', N'010199', 3, N'vankata@abv.bg', N'+359879881435', N'7503020001')
INSERT [dbo].[doctors_table] ([ID], [DoctorName], [DoctorPosition], [DoctorUIN], [HealthcareFacilityId], [DoctorEmail], [DoctorPhoneNumber], [DoctorNIN]) VALUES (13, N'Ivan Georgiev', N'Obsht Lekar', N'010199', 3, N'vankata@abv.bg', N'+359879881435', N'7503020002')
INSERT [dbo].[doctors_table] ([ID], [DoctorName], [DoctorPosition], [DoctorUIN], [HealthcareFacilityId], [DoctorEmail], [DoctorPhoneNumber], [DoctorNIN]) VALUES (14, N'Ivan Georgiev', N'Obsht Lekar', N'010199', 3, N'vankata@abv.bg', N'+359879881435', N'7503020003')
INSERT [dbo].[doctors_table] ([ID], [DoctorName], [DoctorPosition], [DoctorUIN], [HealthcareFacilityId], [DoctorEmail], [DoctorPhoneNumber], [DoctorNIN]) VALUES (15, N'Hristo Petrov', N'Obsht lekar', N'040404', 4, N'vankatap@abv.bg', N'+359879123456', N'9110100000')
SET IDENTITY_INSERT [dbo].[doctors_table] OFF
SET IDENTITY_INSERT [dbo].[healthcareFacilities_table] ON 

INSERT [dbo].[healthcareFacilities_table] ([ID], [FacilityName]) VALUES (1, N'дв')
INSERT [dbo].[healthcareFacilities_table] ([ID], [FacilityName]) VALUES (2, N'MBAL Blagoevgrad')
INSERT [dbo].[healthcareFacilities_table] ([ID], [FacilityName]) VALUES (3, N'BLG')
INSERT [dbo].[healthcareFacilities_table] ([ID], [FacilityName]) VALUES (4, N'UMBAL')
SET IDENTITY_INSERT [dbo].[healthcareFacilities_table] OFF
SET IDENTITY_INSERT [dbo].[institution_table] ON 

INSERT [dbo].[institution_table] ([ID], [InstitutionName]) VALUES (1, N'WHQ')
INSERT [dbo].[institution_table] ([ID], [InstitutionName]) VALUES (2, N'QHW')
INSERT [dbo].[institution_table] ([ID], [InstitutionName]) VALUES (3, N'Mqsto')
INSERT [dbo].[institution_table] ([ID], [InstitutionName]) VALUES (4, N'IT')
INSERT [dbo].[institution_table] ([ID], [InstitutionName]) VALUES (5, N'MG')
INSERT [dbo].[institution_table] ([ID], [InstitutionName]) VALUES (7, N'PMG')
SET IDENTITY_INSERT [dbo].[institution_table] OFF
SET IDENTITY_INSERT [dbo].[medicalNote_table] ON 

INSERT [dbo].[medicalNote_table] ([ID], [DoctorID], [StudentID], [InstitutionID], [MEN], [VisitDate], [Diagnose], [Needs]) VALUES (5, 4, 1, 1, N'9312', CAST(N'2016-10-10 00:00:00.000' AS DateTime), N'OWI', N'Da ne hodi na uchilishte')
INSERT [dbo].[medicalNote_table] ([ID], [DoctorID], [StudentID], [InstitutionID], [MEN], [VisitDate], [Diagnose], [Needs]) VALUES (6, 4, 1, 1, N'12123', CAST(N'2016-11-20 12:24:21.423' AS DateTime), N'Bronho', N'Nujdaelechenie')
INSERT [dbo].[medicalNote_table] ([ID], [DoctorID], [StudentID], [InstitutionID], [MEN], [VisitDate], [Diagnose], [Needs]) VALUES (7, 4, 1, 2, N'12123', CAST(N'2016-11-20 12:28:38.720' AS DateTime), N'Bronho', N'Nujdaelechenie')
INSERT [dbo].[medicalNote_table] ([ID], [DoctorID], [StudentID], [InstitutionID], [MEN], [VisitDate], [Diagnose], [Needs]) VALUES (8, 4, 1, 3, N'12123', CAST(N'2016-11-20 12:32:41.930' AS DateTime), N'Bronho', N'Nujdaelechenie')
INSERT [dbo].[medicalNote_table] ([ID], [DoctorID], [StudentID], [InstitutionID], [MEN], [VisitDate], [Diagnose], [Needs]) VALUES (9, 4, 1, 1, N'1212332', CAST(N'2016-11-23 17:23:06.103' AS DateTime), N'BronhoLele', N'Nujdaese ot lechenie ;)')
INSERT [dbo].[medicalNote_table] ([ID], [DoctorID], [StudentID], [InstitutionID], [MEN], [VisitDate], [Diagnose], [Needs]) VALUES (10, 4, 4, 4, N'14', CAST(N'2017-03-01 21:57:03.757' AS DateTime), N'idiocy', N'hoes')
INSERT [dbo].[medicalNote_table] ([ID], [DoctorID], [StudentID], [InstitutionID], [MEN], [VisitDate], [Diagnose], [Needs]) VALUES (11, 5, 9, 5, N'001923', CAST(N'2017-03-08 09:49:15.073' AS DateTime), N'OVI', N'Golqma pochivka')
INSERT [dbo].[medicalNote_table] ([ID], [DoctorID], [StudentID], [InstitutionID], [MEN], [VisitDate], [Diagnose], [Needs]) VALUES (12, 5, 9, 5, N'001924', CAST(N'2017-03-08 09:51:37.837' AS DateTime), N'OVI', N'Golqma pochivka')
INSERT [dbo].[medicalNote_table] ([ID], [DoctorID], [StudentID], [InstitutionID], [MEN], [VisitDate], [Diagnose], [Needs]) VALUES (13, 15, 13, 7, N'070707', CAST(N'2017-03-12 21:14:24.310' AS DateTime), N'OVI', N'Pochivka in home')
INSERT [dbo].[medicalNote_table] ([ID], [DoctorID], [StudentID], [InstitutionID], [MEN], [VisitDate], [Diagnose], [Needs]) VALUES (14, 15, 13, 7, N'080808', CAST(N'2017-03-12 21:16:24.157' AS DateTime), N'OVI', N'Pochivka in home')
INSERT [dbo].[medicalNote_table] ([ID], [DoctorID], [StudentID], [InstitutionID], [MEN], [VisitDate], [Diagnose], [Needs]) VALUES (15, 15, 13, 7, N'070708', CAST(N'2017-03-12 21:20:04.780' AS DateTime), N'OVI', N'Pochivka in home')
INSERT [dbo].[medicalNote_table] ([ID], [DoctorID], [StudentID], [InstitutionID], [MEN], [VisitDate], [Diagnose], [Needs]) VALUES (16, 14, 13, 7, N'070709', CAST(N'2017-03-12 21:21:02.517' AS DateTime), N'OVI', N'Pochivka in home')
INSERT [dbo].[medicalNote_table] ([ID], [DoctorID], [StudentID], [InstitutionID], [MEN], [VisitDate], [Diagnose], [Needs]) VALUES (17, 9, 13, 7, N'070710', CAST(N'2017-03-12 21:21:42.387' AS DateTime), N'OVI', N'Pochivka in home')
SET IDENTITY_INSERT [dbo].[medicalNote_table] OFF
SET IDENTITY_INSERT [dbo].[student_table] ON 

INSERT [dbo].[student_table] ([ID], [StudentNIN], [StudentName], [StudentAddress], [StudentAge]) VALUES (1, N'1234567890', N'Pesho', N'Tintyava', 18)
INSERT [dbo].[student_table] ([ID], [StudentNIN], [StudentName], [StudentAddress], [StudentAge]) VALUES (4, N'0013', N'Pesho Petrov', N'Peyo Qvorov, 49', 17)
INSERT [dbo].[student_table] ([ID], [StudentNIN], [StudentName], [StudentAddress], [StudentAge]) VALUES (5, N'9803030012', N'Muncho', N'Sofia', 14)
INSERT [dbo].[student_table] ([ID], [StudentNIN], [StudentName], [StudentAddress], [StudentAge]) VALUES (6, N'12831', N'Peter', N'Sofia', 16)
INSERT [dbo].[student_table] ([ID], [StudentNIN], [StudentName], [StudentAddress], [StudentAge]) VALUES (9, N'1987', N'Mitko', N'Sofia', 15)
INSERT [dbo].[student_table] ([ID], [StudentNIN], [StudentName], [StudentAddress], [StudentAge]) VALUES (10, N'1987', N'Peter', N'Sofia', 15)
INSERT [dbo].[student_table] ([ID], [StudentNIN], [StudentName], [StudentAddress], [StudentAge]) VALUES (11, N'1987210002', N'Peter Parker', N'New York', 17)
INSERT [dbo].[student_table] ([ID], [StudentNIN], [StudentName], [StudentAddress], [StudentAge]) VALUES (12, N'9601010000', N'Iordan Lechkov', N'Sofia', 20)
INSERT [dbo].[student_table] ([ID], [StudentNIN], [StudentName], [StudentAddress], [StudentAge]) VALUES (13, N'9010100000', N'Hristo Petrov', N'sofia', 14)
SET IDENTITY_INSERT [dbo].[student_table] OFF
SET ANSI_PADDING ON

GO
/****** Object:  Index [RoleNameIndex]    Script Date: 13-Mar-17 5:12:45 AM ******/
CREATE UNIQUE NONCLUSTERED INDEX [RoleNameIndex] ON [dbo].[AspNetRoles]
(
	[Name] ASC
)WITH (PAD_INDEX = OFF, STATISTICS_NORECOMPUTE = OFF, SORT_IN_TEMPDB = OFF, IGNORE_DUP_KEY = OFF, DROP_EXISTING = OFF, ONLINE = OFF, ALLOW_ROW_LOCKS = ON, ALLOW_PAGE_LOCKS = ON) ON [PRIMARY]
GO
SET ANSI_PADDING ON

GO
/****** Object:  Index [IX_UserId]    Script Date: 13-Mar-17 5:12:45 AM ******/
CREATE NONCLUSTERED INDEX [IX_UserId] ON [dbo].[AspNetUserClaims]
(
	[UserId] ASC
)WITH (PAD_INDEX = OFF, STATISTICS_NORECOMPUTE = OFF, SORT_IN_TEMPDB = OFF, DROP_EXISTING = OFF, ONLINE = OFF, ALLOW_ROW_LOCKS = ON, ALLOW_PAGE_LOCKS = ON) ON [PRIMARY]
GO
SET ANSI_PADDING ON

GO
/****** Object:  Index [IX_UserId]    Script Date: 13-Mar-17 5:12:45 AM ******/
CREATE NONCLUSTERED INDEX [IX_UserId] ON [dbo].[AspNetUserLogins]
(
	[UserId] ASC
)WITH (PAD_INDEX = OFF, STATISTICS_NORECOMPUTE = OFF, SORT_IN_TEMPDB = OFF, DROP_EXISTING = OFF, ONLINE = OFF, ALLOW_ROW_LOCKS = ON, ALLOW_PAGE_LOCKS = ON) ON [PRIMARY]
GO
SET ANSI_PADDING ON

GO
/****** Object:  Index [IX_RoleId]    Script Date: 13-Mar-17 5:12:45 AM ******/
CREATE NONCLUSTERED INDEX [IX_RoleId] ON [dbo].[AspNetUserRoles]
(
	[RoleId] ASC
)WITH (PAD_INDEX = OFF, STATISTICS_NORECOMPUTE = OFF, SORT_IN_TEMPDB = OFF, DROP_EXISTING = OFF, ONLINE = OFF, ALLOW_ROW_LOCKS = ON, ALLOW_PAGE_LOCKS = ON) ON [PRIMARY]
GO
SET ANSI_PADDING ON

GO
/****** Object:  Index [IX_UserId]    Script Date: 13-Mar-17 5:12:45 AM ******/
CREATE NONCLUSTERED INDEX [IX_UserId] ON [dbo].[AspNetUserRoles]
(
	[UserId] ASC
)WITH (PAD_INDEX = OFF, STATISTICS_NORECOMPUTE = OFF, SORT_IN_TEMPDB = OFF, DROP_EXISTING = OFF, ONLINE = OFF, ALLOW_ROW_LOCKS = ON, ALLOW_PAGE_LOCKS = ON) ON [PRIMARY]
GO
SET ANSI_PADDING ON

GO
/****** Object:  Index [UserNameIndex]    Script Date: 13-Mar-17 5:12:45 AM ******/
CREATE UNIQUE NONCLUSTERED INDEX [UserNameIndex] ON [dbo].[AspNetUsers]
(
	[UserName] ASC
)WITH (PAD_INDEX = OFF, STATISTICS_NORECOMPUTE = OFF, SORT_IN_TEMPDB = OFF, IGNORE_DUP_KEY = OFF, DROP_EXISTING = OFF, ONLINE = OFF, ALLOW_ROW_LOCKS = ON, ALLOW_PAGE_LOCKS = ON) ON [PRIMARY]
GO
ALTER TABLE [dbo].[AspNetUserClaims]  WITH CHECK ADD  CONSTRAINT [FK_dbo.AspNetUserClaims_dbo.AspNetUsers_UserId] FOREIGN KEY([UserId])
REFERENCES [dbo].[AspNetUsers] ([Id])
ON DELETE CASCADE
GO
ALTER TABLE [dbo].[AspNetUserClaims] CHECK CONSTRAINT [FK_dbo.AspNetUserClaims_dbo.AspNetUsers_UserId]
GO
ALTER TABLE [dbo].[AspNetUserLogins]  WITH CHECK ADD  CONSTRAINT [FK_dbo.AspNetUserLogins_dbo.AspNetUsers_UserId] FOREIGN KEY([UserId])
REFERENCES [dbo].[AspNetUsers] ([Id])
ON DELETE CASCADE
GO
ALTER TABLE [dbo].[AspNetUserLogins] CHECK CONSTRAINT [FK_dbo.AspNetUserLogins_dbo.AspNetUsers_UserId]
GO
ALTER TABLE [dbo].[AspNetUserRoles]  WITH CHECK ADD  CONSTRAINT [FK_dbo.AspNetUserRoles_dbo.AspNetRoles_RoleId] FOREIGN KEY([RoleId])
REFERENCES [dbo].[AspNetRoles] ([Id])
ON DELETE CASCADE
GO
ALTER TABLE [dbo].[AspNetUserRoles] CHECK CONSTRAINT [FK_dbo.AspNetUserRoles_dbo.AspNetRoles_RoleId]
GO
ALTER TABLE [dbo].[AspNetUserRoles]  WITH CHECK ADD  CONSTRAINT [FK_dbo.AspNetUserRoles_dbo.AspNetUsers_UserId] FOREIGN KEY([UserId])
REFERENCES [dbo].[AspNetUsers] ([Id])
ON DELETE CASCADE
GO
ALTER TABLE [dbo].[AspNetUserRoles] CHECK CONSTRAINT [FK_dbo.AspNetUserRoles_dbo.AspNetUsers_UserId]
GO
ALTER TABLE [dbo].[doctors_table]  WITH CHECK ADD  CONSTRAINT [FK_Doctor_HealthcareFacilities] FOREIGN KEY([HealthcareFacilityId])
REFERENCES [dbo].[healthcareFacilities_table] ([ID])
GO
ALTER TABLE [dbo].[doctors_table] CHECK CONSTRAINT [FK_Doctor_HealthcareFacilities]
GO
ALTER TABLE [dbo].[medicalNote_table]  WITH CHECK ADD  CONSTRAINT [FK_medicalNote_table_doctors_table] FOREIGN KEY([DoctorID])
REFERENCES [dbo].[doctors_table] ([ID])
GO
ALTER TABLE [dbo].[medicalNote_table] CHECK CONSTRAINT [FK_medicalNote_table_doctors_table]
GO
ALTER TABLE [dbo].[medicalNote_table]  WITH CHECK ADD  CONSTRAINT [FK_medicalNote_table_institution_table] FOREIGN KEY([InstitutionID])
REFERENCES [dbo].[institution_table] ([ID])
GO
ALTER TABLE [dbo].[medicalNote_table] CHECK CONSTRAINT [FK_medicalNote_table_institution_table]
GO
ALTER TABLE [dbo].[medicalNote_table]  WITH CHECK ADD  CONSTRAINT [FK_medicalNote_table_student_table] FOREIGN KEY([StudentID])
REFERENCES [dbo].[student_table] ([ID])
GO
ALTER TABLE [dbo].[medicalNote_table] CHECK CONSTRAINT [FK_medicalNote_table_student_table]
GO
/****** Object:  StoredProcedure [dbo].[spAddInstitution]    Script Date: 13-Mar-17 5:12:45 AM ******/
SET ANSI_NULLS ON
GO
SET QUOTED_IDENTIFIER ON
GO
CREATE PROC [dbo].[spAddInstitution]
(
	@InstitutionName  nvarchar(100)
)
AS 
INSERT INTO  institution_table(InstitutionName)
VALUES (@InstitutionName)




GO
/****** Object:  StoredProcedure [dbo].[spAddMedicalNote]    Script Date: 13-Mar-17 5:12:45 AM ******/
SET ANSI_NULLS ON
GO
SET QUOTED_IDENTIFIER ON
GO
CREATE PROC [dbo].[spAddMedicalNote]
(
	@DoctorID int,
	@StudentID int,
	@InstitutionID int,
	@MEN nvarchar(10),
	@VisitDate datetime,
	@Diagnose nvarchar(100),
	@Needs nvarchar(100)
)
AS 
INSERT INTO  medicalNote_table(DoctorID, StudentID, InstitutionID, MEN, VisitDate, Diagnose, Needs )
VALUES (@DoctorID, @StudentID, @InstitutionID, @MEN, @VisitDate, @Diagnose, @Needs)




GO
/****** Object:  StoredProcedure [dbo].[spAddNewDoctor]    Script Date: 13-Mar-17 5:12:45 AM ******/
SET ANSI_NULLS ON
GO
SET QUOTED_IDENTIFIER ON
GO
CREATE PROC [dbo].[spAddNewDoctor] 
(
	@DoctorName  nvarchar(100),
	@DoctorPosition nvarchar(50),
	@DoctorUIN nvarchar(20),
	@HealthcareFacilityId int,
	@DoctorEmail nvarchar(50),
	@DoctorPhoneNumber nvarchar(15),
	@DoctorNIN nvarchar(50)
)
AS
INSERT INTO doctors_table(DoctorName, DoctorPosition, DoctorUIN, HealthcareFacilityId, DoctorEmail, DoctorPhoneNumber, DoctorNIN)
VALUES(@DoctorName, @DoctorPosition, @DoctorUIN, @HealthcareFacilityId, @DoctorEmail, @DoctorPhoneNumber, @DoctorNIN)



GO
/****** Object:  StoredProcedure [dbo].[spAddNewHealthcareFacilitie]    Script Date: 13-Mar-17 5:12:45 AM ******/
SET ANSI_NULLS ON
GO
SET QUOTED_IDENTIFIER ON
GO
CREATE PROC [dbo].[spAddNewHealthcareFacilitie] 
(
	@FacilityName  nvarchar(100)
)
AS
INSERT INTO healthcareFacilities_table(FacilityName)
VALUES(@FacilityName)



GO
/****** Object:  StoredProcedure [dbo].[spAddStudent]    Script Date: 13-Mar-17 5:12:45 AM ******/
SET ANSI_NULLS ON
GO
SET QUOTED_IDENTIFIER ON
GO
CREATE PROC [dbo].[spAddStudent]
(
	@StudentNIN nvarchar(10),
	@StudentName nvarchar(50),
	@StudentAddress nvarchar(100),
	@StudentAge int
)
AS 
INSERT INTO  student_table(StudentNIN, StudentName, StudentAddress, StudentAge)
VALUES (@StudentNIN, @StudentName, @StudentAddress, @StudentAge)




GO
/****** Object:  StoredProcedure [dbo].[spDeleteDoctorByID]    Script Date: 13-Mar-17 5:12:45 AM ******/
SET ANSI_NULLS ON
GO
SET QUOTED_IDENTIFIER ON
GO
CREATE PROC [dbo].[spDeleteDoctorByID] 
(
	@DoctorID int
)
AS
BEGIN	
DELETE FROM doctors_table WHERE doctors_table.ID = @DoctorID
END


GO
/****** Object:  StoredProcedure [dbo].[spDeleteHealthcareFacilitieByID]    Script Date: 13-Mar-17 5:12:45 AM ******/
SET ANSI_NULLS ON
GO
SET QUOTED_IDENTIFIER ON
GO
CREATE PROC [dbo].[spDeleteHealthcareFacilitieByID]
(
	@FacilityID int
)
AS
DELETE FROM healthcareFacilities_table
WHERE healthcareFacilities_table.ID = @FacilityID



GO
/****** Object:  StoredProcedure [dbo].[spDeleteInstitution]    Script Date: 13-Mar-17 5:12:45 AM ******/
SET ANSI_NULLS ON
GO
SET QUOTED_IDENTIFIER ON
GO
CREATE PROC [dbo].[spDeleteInstitution]
(
	@InstitutionID int
)
AS 
DELETE FROM institution_table
WHERE institution_table.ID = @InstitutionID




GO
/****** Object:  StoredProcedure [dbo].[spDeleteStudent]    Script Date: 13-Mar-17 5:12:45 AM ******/
SET ANSI_NULLS ON
GO
SET QUOTED_IDENTIFIER ON
GO
CREATE PROC [dbo].[spDeleteStudent]
(
	@StudentID int
)
AS 
DELETE FROM student_table
WHERE student_table.ID = @StudentID




GO
/****** Object:  StoredProcedure [dbo].[spGetAllMedicalNotesByNIN]    Script Date: 13-Mar-17 5:12:45 AM ******/
SET ANSI_NULLS ON
GO
SET QUOTED_IDENTIFIER ON
GO
CREATE PROC [dbo].[spGetAllMedicalNotesByNIN]
(
	@NIN  nvarchar(50)
)
AS 
BEGIN
	SELECT m.ID, m.InstitutionID, m.DoctorID, m.StudentID, 
		d.HealthcareFacilityId, h.FacilityName, s.StudentName, 
		s.StudentAddress, s.StudentAge, m.Needs, i.InstitutionName,
		d.DoctorName, d.DoctorPosition,	
		m.VisitDate, m.Diagnose, m.MEN FROM medicalNote_table m
	JOIN institution_table i
	ON i.ID = m.InstitutionID
	JOIN doctors_table d
	ON d.ID = m.DoctorID
	JOIN student_table s
	ON s.ID = m.StudentID
	JOIN healthcareFacilities_table h
	ON h.ID = d.HealthcareFacilityId
	WHERE s.StudentNIN = @NIN
END




GO
/****** Object:  StoredProcedure [dbo].[spGetDoctorByID]    Script Date: 13-Mar-17 5:12:45 AM ******/
SET ANSI_NULLS ON
GO
SET QUOTED_IDENTIFIER ON
GO
CREATE PROC [dbo].[spGetDoctorByID] 
(
	@DoctorID int
)
AS
BEGIN	
SELECT * FROM doctors_table WHERE doctors_table.ID = @DoctorID
END


GO
/****** Object:  StoredProcedure [dbo].[spGetDoctorByNIN]    Script Date: 13-Mar-17 5:12:45 AM ******/
SET ANSI_NULLS ON
GO
SET QUOTED_IDENTIFIER ON
GO

CREATE PROC [dbo].[spGetDoctorByNIN] 
(
	@DoctorNIN nvarchar(50)
)
AS
BEGIN	
SELECT * FROM doctors_table WHERE doctors_table.DoctorNIN = @DoctorNIN 
END


GO
/****** Object:  StoredProcedure [dbo].[spGetHealthcareFacilitieByID]    Script Date: 13-Mar-17 5:12:45 AM ******/
SET ANSI_NULLS ON
GO
SET QUOTED_IDENTIFIER ON
GO
CREATE PROC [dbo].[spGetHealthcareFacilitieByID]
(
	@FacilityID int
)
AS
SELECT * FROM healthcareFacilities_table
WHERE healthcareFacilities_table.ID = @FacilityID



GO
/****** Object:  StoredProcedure [dbo].[spGetHealthcareFacilitieByName]    Script Date: 13-Mar-17 5:12:45 AM ******/
SET ANSI_NULLS ON
GO
SET QUOTED_IDENTIFIER ON
GO
CREATE PROC [dbo].[spGetHealthcareFacilitieByName]
(
	@facilityName nvarchar(50)
)
AS
SELECT * FROM healthcareFacilities_table
WHERE healthcareFacilities_table.FacilityName = @facilityName



GO
/****** Object:  StoredProcedure [dbo].[spGetInstitutionByID]    Script Date: 13-Mar-17 5:12:45 AM ******/
SET ANSI_NULLS ON
GO
SET QUOTED_IDENTIFIER ON
GO
CREATE PROC [dbo].[spGetInstitutionByID] 
(
	@InstitutionID int
)
AS
BEGIN	
SELECT * FROM institution_table WHERE institution_table.ID = @InstitutionID
END


GO
/****** Object:  StoredProcedure [dbo].[spGetInstitutionByName]    Script Date: 13-Mar-17 5:12:45 AM ******/
SET ANSI_NULLS ON
GO
SET QUOTED_IDENTIFIER ON
GO
CREATE PROC [dbo].[spGetInstitutionByName]
(
	@InstitutionName  nvarchar(100)
)
AS
SELECT * FROM institution_table WHERE InstitutionName = @InstitutionName




GO
/****** Object:  StoredProcedure [dbo].[spGetMedicalNoteByID]    Script Date: 13-Mar-17 5:12:45 AM ******/
SET ANSI_NULLS ON
GO
SET QUOTED_IDENTIFIER ON
GO
CREATE PROC [dbo].[spGetMedicalNoteByID]
(
	@MedicalNoteID int
)
AS
BEGIN	
SELECT * FROM medicalNote_table WHERE medicalNote_table.ID = @MedicalNoteID
END


GO
/****** Object:  StoredProcedure [dbo].[spGetMedicalNoteByMEN]    Script Date: 13-Mar-17 5:12:45 AM ******/
SET ANSI_NULLS ON
GO
SET QUOTED_IDENTIFIER ON
GO

CREATE PROC [dbo].[spGetMedicalNoteByMEN]
(
	@MedicalNoteMEN nvarchar(50)
)
AS
BEGIN	
SELECT m.ID, m.InstitutionID, m.DoctorID, m.StudentID, 
		d.HealthcareFacilityId, h.FacilityName, s.StudentName, 
		s.StudentAddress, s.StudentAge, m.Needs, i.InstitutionName,
		d.DoctorName, d.DoctorPosition,	
		m.VisitDate, m.Diagnose, m.MEN FROM medicalNote_table m
	JOIN institution_table i
	ON i.ID = m.InstitutionID
	JOIN doctors_table d
	ON d.ID = m.DoctorID
	JOIN student_table s
	ON s.ID = m.StudentID
	JOIN healthcareFacilities_table h
	ON h.ID = d.HealthcareFacilityId
	WHERE m.MEN = @MedicalNoteMEN 
END


GO
/****** Object:  StoredProcedure [dbo].[spGetStudentByID]    Script Date: 13-Mar-17 5:12:45 AM ******/
SET ANSI_NULLS ON
GO
SET QUOTED_IDENTIFIER ON
GO
CREATE PROC [dbo].[spGetStudentByID]
(
	@StudentID int
)
AS
BEGIN	
SELECT * FROM student_table WHERE student_table.ID = @StudentID
END


GO
/****** Object:  StoredProcedure [dbo].[spGetStudentByNIN]    Script Date: 13-Mar-17 5:12:45 AM ******/
SET ANSI_NULLS ON
GO
SET QUOTED_IDENTIFIER ON
GO
CREATE PROC [dbo].[spGetStudentByNIN]
(
	@StudentNIN nvarchar(50)
)
AS
BEGIN	
SELECT * FROM student_table WHERE student_table.StudentNIN = @StudentNIN
END


GO
/****** Object:  StoredProcedure [dbo].[spTest]    Script Date: 13-Mar-17 5:12:45 AM ******/
SET ANSI_NULLS ON
GO
SET QUOTED_IDENTIFIER ON
GO
CREATE PROC [dbo].[spTest]
(
	@StudentNIN nvarchar(50)
)
AS
BEGIN	
SELECT * FROM student_table WHERE student_table.StudentNIN = @StudentNIN
END


GO
/****** Object:  StoredProcedure [dbo].[spUpdateDoctorByID]    Script Date: 13-Mar-17 5:12:45 AM ******/
SET ANSI_NULLS ON
GO
SET QUOTED_IDENTIFIER ON
GO
CREATE PROC [dbo].[spUpdateDoctorByID] 
(
	@DoctorID int,
	@DoctorName  nvarchar(100),
	@DoctorPosition nvarchar(50),
	@DoctorUIN nvarchar(20),
	@HealthcareFacilityId int,
	@DoctorEmail nvarchar(50),
	@DoctorPhoneNumber nvarchar(15),
	@DoctorNIN nvarchar(50)
)
AS
BEGIN	
UPDATE doctors_table
SET DoctorName = @DoctorName,
    DoctorPosition = @DoctorPosition,
	DoctorUIN = @DoctorUIN,
	HealthcareFacilityId = @HealthcareFacilityId,
	DoctorEmail = @DoctorEmail,
	DoctorPhoneNumber = @DoctorPhoneNumber,
	DoctorNIN = @DoctorNIN
 WHERE doctors_table.ID = @DoctorID
END


GO
/****** Object:  StoredProcedure [dbo].[spUpdateHealthcareFacilitieByID]    Script Date: 13-Mar-17 5:12:45 AM ******/
SET ANSI_NULLS ON
GO
SET QUOTED_IDENTIFIER ON
GO
CREATE PROC [dbo].[spUpdateHealthcareFacilitieByID]
(
	@FacilityID int,
	@FacilityName nvarchar(100)
)
AS
UPDATE healthcareFacilities_table
SET FacilityName = @FacilityName
WHERE healthcareFacilities_table.ID = @FacilityID



GO
/****** Object:  StoredProcedure [dbo].[spUpdateInstitution]    Script Date: 13-Mar-17 5:12:45 AM ******/
SET ANSI_NULLS ON
GO
SET QUOTED_IDENTIFIER ON
GO
CREATE PROC [dbo].[spUpdateInstitution]
(
	@InstitutionID int,
	@InstitutionName nvarchar(100)
)
AS
UPDATE institution_table
SET InstitutionName = @InstitutionName
WHERE institution_table.ID = @InstitutionID



GO
/****** Object:  StoredProcedure [dbo].[spUpdateMedicalNote]    Script Date: 13-Mar-17 5:12:45 AM ******/
SET ANSI_NULLS ON
GO
SET QUOTED_IDENTIFIER ON
GO
CREATE PROC [dbo].[spUpdateMedicalNote]
(
	@MedicalNoteID int,
	@DoctorID int,
	@StudentID int,
	@InstitutionID int,
	@MEN nvarchar(10),
	@VisitDate datetime,
	@Diagnose nvarchar(100),
	@Needs nvarchar(100)
)
AS
UPDATE medicalNote_table
SET DoctorID = @DoctorID,
	StudentID = @StudentID,
	InstitutionID = @InstitutionID,
	MEN = @MEN,
	VisitDate = @VisitDate,
	Diagnose = @Diagnose,
	Needs = @Needs

WHERE medicalNote_table.ID = @MedicalNoteID



GO
/****** Object:  StoredProcedure [dbo].[spUpdateStudent]    Script Date: 13-Mar-17 5:12:45 AM ******/
SET ANSI_NULLS ON
GO
SET QUOTED_IDENTIFIER ON
GO
CREATE PROC [dbo].[spUpdateStudent]
(
	
	@StudentID int,
	@StudentNIN nvarchar(10),
	@StudentName nvarchar(50),
	@StudentAddress nvarchar(100),
	@StudentAge int
)
AS
UPDATE student_table
SET 
	StudentNIN = @StudentNIN,
	StudentName = @StudentName,
	StudentAddress = @StudentAddress,
	StudentAge = @StudentAge

WHERE student_table.ID = @StudentID